,City,Country,Latitude,Longitude,Date,Cloudiness,Humidity,Max Tempature,Wind Speed
0,Kaitangata,NZ,-46.28,169.85,09/10/20,94,62,48.99,1.99
1,‘Āhuimanu,US,21.44,-157.84,09/10/20,40,65,87.8,13.87
2,Katsuura,JP,35.13,140.3,09/10/20,20,83,82.4,9.17
3,Punta Arenas,CL,-53.15,-70.92,09/10/20,75,75,44.6,4.7
4,Yellowknife,CA,62.46,-114.35,09/10/20,75,62,55.0,13.87
5,Lorengau,PG,-2.02,147.27,09/10/20,62,78,83.32,7.47
6,Marsh Harbour,BS,26.54,-77.06,09/10/20,88,69,85.23,10.78
7,Marawi,PH,8.0,124.29,09/10/20,56,91,73.0,5.99
8,Rikitea,PF,-23.12,-134.97,09/10/20,100,83,73.58,18.03
9,Butaritari,KI,3.07,172.79,09/10/20,81,80,82.26,18.54
10,Santoña,ES,43.44,-3.46,09/10/20,0,93,69.01,1.88
11,Nikolskoye,RU,59.7,30.79,09/10/20,75,71,54.0,24.61
12,New Norfolk,AU,-42.78,147.06,09/10/20,91,71,51.01,4.07
13,Albany,US,42.6,-73.97,09/10/20,59,89,77.0,4.03
14,Staritsa,RU,56.51,34.94,09/10/20,32,82,48.33,12.17
15,Faanui,PF,-16.48,-151.75,09/10/20,11,74,78.26,11.86
16,Jamestown,US,42.1,-79.24,09/10/20,90,93,66.2,9.17
17,Torbay,CA,47.67,-52.73,09/10/20,75,63,61.0,8.05
18,Luleå,SE,65.58,22.15,09/10/20,0,70,48.2,10.29
19,Mataura,NZ,-46.19,168.86,09/10/20,99,77,48.99,1.01
20,Gushikawa,JP,26.35,127.87,09/10/20,1,94,80.6,7.02
21,Sitka,US,57.05,-135.33,09/10/20,75,77,59.0,17.22
22,Narsaq,GL,60.92,-46.05,09/10/20,1,27,41.0,8.05
23,Chapais,CA,49.78,-74.85,09/10/20,40,71,51.8,5.82
24,Cabo San Lucas,MX,22.89,-109.91,09/10/20,5,74,87.8,12.75
25,Luga,RU,58.74,29.85,09/10/20,29,72,50.32,12.93
26,Ushuaia,AR,-54.8,-68.3,09/10/20,40,57,48.2,11.41
27,Severo-Kuril'sk,RU,50.68,156.12,09/10/20,100,78,51.1,3.56
28,Poso,ID,-1.4,120.75,09/10/20,100,79,77.2,6.91
29,Qaanaaq,GL,77.48,-69.36,09/10/20,100,85,26.62,10.07
30,São Filipe,CV,14.9,-24.5,09/10/20,100,83,80.19,13.31
31,Atuona,PF,-9.8,-139.03,09/10/20,0,72,78.98,15.41
32,Kruisfontein,ZA,-34.0,24.73,09/10/20,100,93,60.01,3.0
33,Verkhoyansk,RU,67.54,133.38,09/10/20,68,62,46.02,1.45
34,Iqaluit,CA,63.75,-68.51,09/10/20,75,69,39.2,11.41
35,Tasiilaq,GL,65.61,-37.64,09/10/20,100,95,33.8,3.44
36,Bay Roberts,CA,47.6,-53.26,09/10/20,93,52,62.01,4.63
37,Cape Town,ZA,-33.93,18.42,09/10/20,100,82,61.0,8.05
38,Ribeira Grande,PT,38.52,-28.7,09/10/20,4,83,71.87,3.2
39,Qandala,SO,11.47,49.87,09/10/20,7,55,89.11,2.89
40,Puerto Ayora,EC,-0.74,-90.35,09/10/20,20,57,75.2,18.34
41,Pangnirtung,CA,66.15,-65.71,09/10/20,75,69,39.2,14.99
42,Vaini,TO,-21.2,-175.2,09/10/20,75,83,75.2,12.75
43,Cockburn Town,TC,21.46,-71.14,09/10/20,40,78,82.4,11.41
44,Byron Bay,AU,-28.65,153.62,09/10/20,75,82,60.8,18.34
45,Nevesinje,BA,43.26,18.11,09/10/20,0,53,73.4,2.24
46,Tiksi,RU,71.69,128.87,09/10/20,99,69,44.26,6.89
47,Mehamn,NO,71.04,27.85,09/10/20,40,87,44.6,4.7
48,Saint Paul Harbor,US,57.79,-152.41,09/10/20,1,41,60.8,12.75
49,Barrow,US,71.29,-156.79,09/10/20,90,86,39.2,20.8
50,Skibbereen,IE,51.55,-9.27,09/10/20,75,93,51.8,6.93
51,Lavrentiya,RU,65.58,-171.0,09/10/20,98,72,46.87,6.58
52,Çermik,TR,38.14,39.45,09/10/20,0,37,68.0,3.36
53,Katobu,ID,-4.94,122.53,09/10/20,35,87,74.41,5.44
54,Sept-Îles,CA,50.2,-66.38,09/10/20,90,93,48.99,5.82
55,Kapuskasing,CA,49.42,-82.43,09/10/20,75,38,60.8,13.87
56,Borba,BR,-4.39,-59.59,09/10/20,87,83,77.63,3.49
57,Flores,GT,16.92,-89.9,09/10/20,79,63,89.71,1.32
58,Guastalla,IT,44.91,10.66,09/10/20,89,79,73.0,4.97
59,Cayenne,GF,4.93,-52.33,09/10/20,3,74,82.4,9.17
60,Prince Rupert,CA,54.32,-130.32,09/10/20,1,82,64.4,5.82
61,Hermanus,ZA,-34.42,19.23,09/10/20,100,91,57.99,5.99
62,Atar,MR,20.52,-13.05,09/10/20,69,20,98.19,4.5
63,Wajir,KE,1.75,40.06,09/10/20,45,71,75.52,15.68
64,Kuito,AO,-12.38,16.93,09/10/20,6,32,58.75,3.33
65,Carnarvon,AU,-24.87,113.63,09/10/20,0,77,62.6,12.75
66,Huarmey,PE,-10.07,-78.15,09/10/20,6,70,65.32,9.55
67,Virden,US,39.5,-89.77,09/10/20,99,83,73.0,4.0
68,Pelym,RU,61.01,62.0,09/10/20,2,97,47.75,5.91
69,Hofn,IS,64.25,-15.21,09/10/20,96,90,48.22,1.39
70,Taoudenni,ML,22.68,-3.98,09/10/20,26,15,102.22,4.25
71,Bambous Virieux,MU,-20.34,57.76,09/10/20,75,83,72.0,14.99
72,Nouadhibou,MR,20.93,-17.03,09/10/20,41,66,84.2,8.05
73,Olafsvik,IS,64.89,-23.71,09/10/20,100,84,48.31,17.52
74,Omboué,GA,-1.57,9.26,09/10/20,30,82,74.98,7.29
75,Bethel,US,41.37,-73.41,09/10/20,75,94,73.99,4.7
76,Antalaha,MG,-14.9,50.28,09/10/20,14,86,68.32,9.24
77,Alofi,NU,-19.06,-169.92,09/10/20,75,88,80.6,8.05
78,Santa Vitória do Palmar,BR,-33.52,-53.37,09/10/20,0,67,53.08,5.41
79,Hilo,US,19.73,-155.09,09/10/20,90,74,82.4,5.82
80,Kapaa,US,22.08,-159.32,09/10/20,20,62,86.0,11.41
81,Olinda,BR,-8.01,-34.86,09/10/20,75,78,78.8,14.99
82,Pekalongan,ID,-6.89,109.68,09/10/20,70,74,76.71,6.6
83,Bluff,NZ,-46.6,168.33,09/10/20,76,77,48.99,1.01
84,Bredasdorp,ZA,-34.53,20.04,09/10/20,100,87,59.0,12.75
85,Great Yarmouth,GB,52.61,1.73,09/10/20,48,93,55.0,4.99
86,Mahébourg,MU,-20.41,57.7,09/10/20,75,83,71.6,14.99
87,Harper,LR,4.38,-7.72,09/10/20,84,85,76.06,11.72
88,Lagoa,PT,39.05,-27.98,09/10/20,0,84,72.1,6.71
89,Tuktoyaktuk,CA,69.45,-133.04,09/10/20,75,86,37.4,14.99
90,Nossa Senhora das Dores,BR,-10.49,-37.19,09/10/20,75,78,75.2,12.75
91,Maués,BR,-3.38,-57.72,09/10/20,72,57,84.45,2.8
92,Airai,TL,-8.93,125.41,09/10/20,60,76,55.35,3.78
93,Yulara,AU,-25.24,130.99,09/10/20,0,31,60.8,3.36
94,Srednekolymsk,RU,67.45,153.68,09/10/20,11,64,49.89,3.71
95,Ca Mau,VN,9.18,105.15,09/10/20,100,88,77.72,2.44
96,Avarua,CK,-21.21,-159.78,09/10/20,100,83,77.0,16.11
97,Colares,PT,38.8,-9.45,09/10/20,47,28,73.99,11.41
98,Castro,BR,-24.79,-50.01,09/10/20,53,58,69.66,3.09
99,Ust-Nera,RU,64.57,143.2,09/10/20,3,48,49.44,1.92
100,Hong Kong,HK,22.29,114.16,09/10/20,99,79,84.0,6.35
101,Talara,PE,-4.58,-81.27,09/10/20,23,82,64.8,17.0
102,Shingū,JP,33.73,135.98,09/10/20,25,85,75.13,4.36
103,Rocha,UY,-34.48,-54.33,09/10/20,0,64,50.05,4.09
104,Muros,ES,42.78,-9.06,09/10/20,29,82,68.0,1.99
105,Puro,PH,12.48,123.38,09/10/20,86,79,80.69,1.41
106,Hobart,AU,-42.88,147.33,09/10/20,75,66,51.01,8.05
107,Saldanha,ZA,-33.01,17.94,09/10/20,82,76,57.2,4.7
108,Ugoofaaru,MV,5.67,73.0,09/10/20,22,79,81.23,15.77
109,Kutum,SD,14.2,24.67,09/10/20,100,61,76.23,6.76
110,Nabire,ID,-3.37,135.48,09/10/20,42,88,76.55,4.07
111,George Town,MY,5.41,100.34,09/10/20,40,94,77.0,5.44
112,Lere,NG,10.39,8.57,09/10/20,93,91,69.33,1.32
113,Vostok,RU,46.49,135.88,09/10/20,100,99,50.81,3.13
114,Longyearbyen,SJ,78.22,15.64,09/10/20,75,75,44.6,17.22
115,Arrondissement de Millau,FR,44.08,2.92,09/10/20,73,56,69.01,2.24
116,Bilma,NE,18.69,12.92,09/10/20,1,11,94.96,10.33
117,Leningradskiy,RU,69.38,178.42,09/10/20,100,81,43.92,2.48
118,Hithadhoo,MV,-0.6,73.08,09/10/20,94,78,81.64,13.2
119,Japura,ID,-0.32,102.35,09/10/20,99,88,73.87,1.54
120,Arraial do Cabo,BR,-22.97,-42.03,09/10/20,15,65,77.0,18.34
121,Guerrero Negro,MX,27.98,-114.06,09/10/20,0,40,88.02,13.33
122,San Jerónimo,PE,-11.95,-75.28,09/10/20,61,46,57.81,8.88
123,Port Alfred,ZA,-33.59,26.89,09/10/20,93,85,63.32,18.34
124,Synya,RU,65.37,58.04,09/10/20,17,93,46.89,9.17
125,Kavaratti,IN,10.57,72.64,09/10/20,100,81,81.43,19.86
126,Porto-Novo,BJ,6.5,2.6,09/10/20,40,83,78.8,11.41
127,Lompoc,US,34.64,-120.46,09/10/20,90,87,59.0,8.05
128,Bengkulu,ID,-3.8,102.27,09/10/20,100,87,74.48,3.29
129,Saint-Philippe,RE,-21.36,55.77,09/10/20,75,82,68.0,9.17
130,Vágur,FO,61.47,-6.81,09/10/20,80,90,51.53,17.34
131,Broome,US,42.25,-75.83,09/10/20,75,61,81.0,6.93
132,Busselton,AU,-33.65,115.33,09/10/20,92,83,45.0,4.63
133,Bukachacha,RU,52.98,116.92,09/10/20,24,86,50.63,2.42
134,Hövsan,AZ,40.37,50.09,09/10/20,0,77,66.2,4.7
135,Thompson,CA,55.74,-97.86,09/10/20,40,43,55.4,16.11
136,Mossamedes,AO,-15.2,12.15,09/10/20,92,84,68.81,2.8
137,Bonavista,CA,48.65,-53.11,09/10/20,100,79,55.99,9.06
138,Port Augusta,AU,-32.5,137.77,09/10/20,0,58,59.0,3.36
139,Zaria,NG,11.11,7.72,09/10/20,68,87,71.94,6.49
140,Aranos,,-24.13,19.12,09/10/20,0,27,64.15,8.28
141,Ixtapa,MX,20.7,-105.2,09/10/20,75,74,87.8,10.29
142,Gualaquiza,EC,-3.4,-78.55,09/10/20,72,47,77.61,3.15
143,Loandjili,CG,-4.76,11.86,09/10/20,75,78,77.0,4.7
144,Cidreira,BR,-30.18,-50.21,09/10/20,0,85,58.53,7.7
145,Anadyr,RU,64.75,177.48,09/10/20,75,87,50.0,11.18
146,Remontnoye,RU,46.56,43.65,09/10/20,0,38,60.8,11.18
147,Sterling,US,39.01,-77.43,09/10/20,75,78,82.4,8.05
148,Nuuk,GL,64.18,-51.72,09/10/20,75,74,39.2,11.41
149,Yangi Marg`ilon,UZ,40.43,71.72,09/10/20,0,48,66.2,6.93
150,Vladičin Han,RS,42.71,22.06,09/10/20,0,74,62.01,2.06
151,Labuhan,ID,-6.88,112.21,09/10/20,58,81,75.79,9.04
152,Ostrovnoy,RU,68.05,39.51,09/10/20,20,88,42.82,3.78
153,Upernavik,GL,72.79,-56.15,09/10/20,100,93,35.06,10.85
154,Norman Wells,CA,65.28,-126.83,09/10/20,90,93,46.4,9.17
155,Polovinnoye,RU,54.79,65.99,09/10/20,99,53,49.24,8.46
156,Saldaña,CO,3.93,-75.02,09/10/20,20,51,84.2,9.17
157,Neiafu,TO,-18.65,-173.98,09/10/20,75,94,78.8,5.82
158,Shetpe,KZ,44.17,52.12,09/10/20,0,53,60.26,4.63
159,Dingcheng,CN,32.13,115.04,09/10/20,21,97,65.75,4.94
160,Saskylakh,RU,71.92,114.08,09/10/20,96,83,45.79,3.89
161,Isangel,VU,-19.55,169.27,09/10/20,40,83,71.6,5.82
162,Mayumba,GA,-3.43,10.66,09/10/20,96,83,75.16,5.5
163,Provideniya,RU,64.38,-173.3,09/10/20,90,87,48.2,4.47
164,Grand Gaube,MU,-20.01,57.66,09/10/20,9,77,72.0,5.99
165,Hazorasp,UZ,41.32,61.07,09/10/20,0,72,59.0,2.24
166,Salinópolis,BR,-0.61,-47.36,09/10/20,0,80,80.31,15.23
167,Sakakah,SA,29.97,40.21,09/10/20,34,8,87.8,11.41
168,Sánchez,DO,19.23,-69.61,09/10/20,40,74,84.2,6.91
169,Mar del Plata,AR,-38.0,-57.56,09/10/20,24,66,55.99,12.75
170,East London,ZA,-33.02,27.91,09/10/20,100,78,64.78,12.75
171,Lebu,CL,-37.62,-73.65,09/10/20,30,73,50.77,13.0
172,Buala,SB,-8.14,159.59,09/10/20,63,74,81.9,4.16
173,Santa Maria,BR,-29.68,-53.81,09/10/20,0,60,73.4,5.82
174,Araouane,ML,18.9,-3.53,09/10/20,0,15,101.37,5.26
175,Hasaki,JP,35.73,140.83,09/10/20,20,94,78.8,5.82
176,Khatanga,RU,71.97,102.5,09/10/20,100,90,43.29,7.87
177,Berlevåg,NO,70.86,29.09,09/10/20,3,93,42.8,6.93
178,Bathsheba,BB,13.22,-59.52,09/10/20,20,74,82.4,4.7
179,Raudeberg,NO,61.99,5.14,09/10/20,100,88,48.0,23.29
180,Talnakh,RU,69.49,88.4,09/10/20,75,93,50.0,8.95
181,Cuiluan,CN,47.72,128.65,09/10/20,0,90,46.69,3.2
182,Departamento de Maldonado,UY,-34.67,-54.92,09/10/20,0,44,60.8,10.29
183,Rørvik,NO,64.86,11.24,09/10/20,100,74,50.47,20.45
184,Fort Nelson,CA,58.81,-122.7,09/10/20,90,93,55.4,2.46
185,Canindé de São Francisco,BR,-9.66,-37.79,09/10/20,24,72,73.62,10.76
186,Don Luan,VN,11.53,106.92,09/10/20,99,95,73.94,2.68
187,Portland,US,45.52,-122.68,09/10/20,90,29,80.6,8.05
188,Jermuk,AM,39.84,45.67,09/10/20,1,69,52.27,2.84
189,Ongandjera,,-17.88,15.07,09/10/20,0,24,66.38,7.49
190,Viedma,AR,-40.81,-63.0,09/10/20,75,33,68.0,7.0
191,Manaus,BR,-3.1,-60.02,09/10/20,75,74,82.4,4.7
192,Pasaje,EC,-3.33,-79.82,09/10/20,90,78,75.2,6.58
193,General Bravo,MX,25.8,-99.17,09/10/20,98,57,74.37,22.37
194,Chui,UY,-33.7,-53.46,09/10/20,0,66,52.21,5.03
195,Cootamundra,AU,-34.65,148.03,09/10/20,0,79,46.76,8.52
196,La Asuncion,VE,11.03,-63.86,09/10/20,49,50,95.0,16.11
197,Maamba,ZM,-17.37,27.15,09/10/20,0,34,62.94,2.68
198,Hualmay,PE,-11.1,-77.61,09/10/20,24,73,63.57,9.06
199,Port Elizabeth,ZA,-33.92,25.57,09/10/20,90,93,60.8,17.22
200,Khandyga,RU,62.67,135.6,09/10/20,0,69,47.1,1.72
201,Tura,IN,25.52,90.22,09/10/20,100,98,74.16,5.01
202,Santa Marta,CO,11.24,-74.2,09/10/20,99,67,89.01,10.02
203,Kuah,MY,6.33,99.84,09/10/20,40,94,77.0,8.05
204,Bagdarin,RU,54.43,113.6,09/10/20,100,91,48.36,0.94
205,Elizabeth City,US,36.29,-76.25,09/10/20,20,88,84.99,4.7
206,Fortuna,US,40.6,-124.16,09/10/20,1,77,64.4,6.93
207,Mwinilunga,ZM,-11.74,24.43,09/10/20,44,38,54.32,4.45
208,San Nicolas,PH,18.17,120.6,09/10/20,20,94,75.2,3.36
209,Salalah,OM,17.02,54.09,09/10/20,40,83,78.8,3.36
210,Umm Hājar,TD,13.3,19.7,09/10/20,100,73,76.1,21.92
211,Kieta,PG,-6.22,155.63,09/10/20,54,69,82.78,1.95
212,Chifeng,CN,42.27,118.96,09/10/20,100,91,56.48,15.7
213,Antsirabe,MG,-19.85,47.03,09/10/20,43,83,51.57,4.34
214,Mathathane,BW,-22.27,28.75,09/10/20,0,48,63.68,11.68
215,Shitanjing,CN,39.23,106.34,09/10/20,56,37,60.48,5.35
216,Cherskiy,RU,68.75,161.3,09/10/20,45,70,46.09,5.17
217,Eureka,US,40.8,-124.16,09/10/20,90,77,64.0,4.7
218,Vila Velha,BR,-20.33,-40.29,09/10/20,64,73,75.2,17.22
219,Nome,US,64.5,-165.41,09/10/20,90,81,48.99,16.11
220,Geraldton,AU,-28.77,114.6,09/10/20,2,93,44.6,4.7
221,Kozluk,TR,38.19,41.49,09/10/20,0,48,66.2,8.05
222,Tayshet,RU,55.93,98.0,09/10/20,100,95,45.5,9.24
223,Arman',RU,59.7,150.17,09/10/20,45,63,48.85,10.38
224,Dobryatino,RU,55.51,41.32,09/10/20,50,90,50.94,10.58
225,San Ignacio,BZ,17.16,-89.07,09/10/20,40,56,95.0,6.93
226,Suez,EG,29.97,32.53,09/10/20,0,79,78.28,9.04
227,Juba,SS,4.85,31.58,09/10/20,6,83,72.88,3.02
228,Beringovskiy,RU,63.05,179.32,09/10/20,100,93,48.4,17.54
229,Vestmannaeyjar,IS,63.44,-20.27,09/10/20,100,88,50.43,21.54
230,Praia da Vitória,PT,38.73,-27.07,09/10/20,20,88,73.0,2.91
231,San Patricio,MX,19.22,-104.7,09/10/20,40,75,89.6,9.17
232,Kiryat Gat,IL,31.61,34.76,09/10/20,0,80,82.0,3.11
233,San Quintín,MX,30.48,-115.95,09/10/20,0,37,82.22,11.12
234,Dayong,CN,25.02,118.29,09/10/20,20,94,80.6,2.24
235,Ulladulla,AU,-35.35,150.47,09/10/20,75,93,51.8,5.82
236,Surgut,RU,61.25,73.42,09/10/20,100,76,57.2,6.71
237,Aklavik,CA,68.22,-135.01,09/10/20,90,80,41.0,8.05
238,Pevek,RU,69.7,170.31,09/10/20,100,94,41.97,8.19
239,Bonthe,SL,7.53,-12.51,09/10/20,100,91,76.15,13.62
240,Pisco,PE,-13.7,-76.22,09/10/20,18,68,66.2,14.99
241,Bambanglipuro,ID,-7.95,110.28,09/10/20,64,85,75.18,5.5
242,Grindavik,IS,63.84,-22.43,09/10/20,75,93,48.2,9.17
243,Nioro,GM,13.35,-15.75,09/10/20,66,92,78.22,5.37
244,Rafaela,AR,-31.25,-61.49,09/10/20,0,40,73.0,4.0
245,San Cristobal,VE,7.77,-72.22,09/10/20,40,49,89.6,8.05
246,Kahului,US,20.89,-156.47,09/10/20,40,46,89.6,25.28
247,Handan,CN,36.6,114.47,09/10/20,0,76,63.25,5.39
248,Poum,NC,-20.23,164.02,09/10/20,0,71,71.04,9.13
249,Makakilo City,US,21.35,-158.09,09/10/20,1,48,87.8,11.41
250,Nanaimo,CA,49.17,-123.94,09/10/20,0,45,84.0,2.91
251,Puquio,PE,-14.7,-74.13,09/10/20,60,35,58.98,7.81
252,Mhlume,SZ,-26.03,31.85,09/10/20,31,77,64.4,2.24
253,Novi Grad,BA,45.05,16.38,09/10/20,99,76,61.56,0.56
254,Saint George,US,37.1,-113.58,09/10/20,1,15,78.8,4.7
255,Chino Valley,US,34.76,-112.45,09/10/20,1,17,77.0,4.7
256,San José de las Lajas,CU,22.96,-82.15,09/10/20,40,70,87.01,8.05
257,Belmonte,BR,-15.86,-38.88,09/10/20,0,69,73.4,9.17
258,Quatre Cocos,MU,-20.21,57.76,09/10/20,75,83,72.0,14.99
259,Wittingen,DE,52.73,10.74,09/10/20,75,93,51.8,1.12
260,Torres,BR,-29.34,-49.73,09/10/20,65,88,60.84,2.26
261,Dingle,PH,11.0,122.67,09/10/20,26,87,76.14,2.66
262,Alice Springs,AU,-23.7,133.88,09/10/20,0,38,59.0,4.7
263,Awjilah,LY,29.11,21.29,09/10/20,0,69,76.82,15.08
264,Beneditinos,BR,-5.45,-42.37,09/10/20,59,30,95.0,6.93
265,Maragogi,BR,-9.01,-35.22,09/10/20,0,83,74.07,11.72
266,Santa Isabel,BR,-23.32,-46.22,09/10/20,34,26,89.6,5.82
267,Rawicz,PL,51.61,16.86,09/10/20,22,68,60.01,1.95
268,The Valley,AI,18.22,-63.06,09/10/20,20,66,86.0,11.41
269,Dubréka,GN,9.79,-13.52,09/10/20,75,83,80.6,6.93
270,Verāval,IN,20.9,70.37,09/10/20,100,84,80.44,9.15
271,Eldorado,BR,-23.79,-54.28,09/10/20,8,44,80.94,5.48
272,Ciudad Guayana,VE,8.35,-62.65,09/10/20,93,80,81.25,3.0
273,Shalinskoye,RU,55.72,93.76,09/10/20,99,91,38.43,4.05
274,Changping,CN,40.22,116.22,09/10/20,100,82,72.0,4.47
275,Berdigestyakh,RU,62.1,126.7,09/10/20,96,76,48.88,3.89
276,Amarillo,US,35.22,-101.83,09/10/20,90,76,53.01,9.17
277,Nador,MA,35.17,-2.93,09/10/20,0,83,73.4,4.7
278,Touros,BR,-5.2,-35.46,09/10/20,20,83,77.0,11.41
279,Vao,NC,-22.67,167.48,09/10/20,65,70,67.75,14.58
280,Pochutla,MX,15.74,-96.47,09/10/20,90,74,84.0,11.41
281,Coquimbo,CL,-29.95,-71.34,09/10/20,0,67,60.8,16.11
282,Lubango,AO,-14.92,13.49,09/10/20,0,41,59.52,3.78
283,Pedernales,DO,18.04,-71.74,09/10/20,75,70,86.0,11.41
284,Altay,CN,47.87,88.12,09/10/20,3,65,40.42,1.59
285,Alugan,PH,12.22,125.48,09/10/20,19,85,77.25,4.32
286,Ciudad Bolivar,VE,8.12,-63.55,09/10/20,43,67,85.84,3.89
287,Port Lincoln,AU,-34.73,135.87,09/10/20,92,69,63.3,2.33
288,Kuandian,CN,40.73,124.78,09/10/20,10,93,57.45,4.45
289,Weligama,LK,5.97,80.42,09/10/20,99,87,77.61,10.96
290,Bondoukou,CI,8.03,-2.8,09/10/20,90,95,70.66,2.66
291,Ancud,CL,-41.87,-73.82,09/10/20,99,76,48.99,13.27
292,Ponta do Sol,PT,32.67,-17.1,09/10/20,40,69,73.4,6.93
293,Taltal,CL,-25.4,-70.48,09/10/20,53,73,58.46,0.49
294,Honningsvåg,NO,70.98,25.97,09/10/20,20,93,46.4,1.12
295,Kavieng,PG,-2.57,150.8,09/10/20,26,71,83.84,9.04
296,Ngama,TD,11.78,17.17,09/10/20,100,80,76.75,12.73
297,Samarai,PG,-10.62,150.67,09/10/20,68,82,76.05,15.46
298,Revelstoke,CA,50.98,-118.2,09/10/20,1,47,75.2,2.24
299,Syrskoye,RU,52.57,39.5,09/10/20,40,71,57.2,6.71
300,Coyhaique,CL,-45.58,-72.07,09/10/20,90,75,42.8,6.93
301,Bela,IN,25.93,81.98,09/10/20,57,62,81.97,1.39
302,Belyy Yar,RU,53.6,91.39,09/10/20,36,93,42.8,2.24
303,Plouzané,FR,48.38,-4.62,09/10/20,0,93,55.4,5.82
304,Nalgonda,IN,17.05,79.27,09/10/20,100,85,77.83,6.78
305,Sinnamary,GF,5.38,-52.95,09/10/20,5,80,80.58,12.84
306,Lüderitz,,-26.65,15.16,09/10/20,0,51,67.14,6.53
307,Haines Junction,CA,60.75,-137.51,09/10/20,82,54,55.17,0.76
308,Merritt Island,US,28.54,-80.67,09/10/20,75,74,86.0,5.82
309,Ambilobe,MG,-13.2,49.05,09/10/20,60,73,67.91,3.71
310,Ranau,MY,5.95,116.66,09/10/20,20,94,77.0,3.36
311,Yangambi,CD,0.81,24.43,09/10/20,85,99,70.61,2.44
312,Kismayo,SO,-0.36,42.55,09/10/20,0,81,77.41,13.49
313,Machico,PT,32.7,-16.77,09/10/20,40,69,73.4,6.93
314,Beloha,MG,-25.17,45.05,09/10/20,99,65,74.01,0.89
315,Mt. Pleasant,US,32.79,-79.86,09/10/20,1,83,84.0,8.05
316,Jijiga,ET,9.35,42.8,09/10/20,15,59,67.03,9.06
317,Jackson,US,42.42,-122.83,09/10/20,90,9,97.0,6.44
318,Sechura,PE,-5.56,-80.82,09/10/20,10,63,70.21,19.19
319,Hurghada,EG,27.26,33.81,09/10/20,0,79,86.0,4.65
320,São Félix do Xingu,BR,-6.64,-51.99,09/10/20,9,33,88.47,2.68
321,Tiarei,PF,-17.53,-149.33,09/10/20,40,65,82.4,5.82
322,Tuatapere,NZ,-46.13,167.68,09/10/20,81,77,48.99,1.01
323,Khovd,MN,48.01,91.64,09/10/20,23,71,40.64,1.43
324,Lar,IN,26.2,83.97,09/10/20,77,83,81.52,5.53
325,Port Hedland,AU,-20.32,118.57,09/10/20,0,94,68.0,5.82
326,Buraidah,SA,26.33,43.98,09/10/20,20,25,87.8,3.36
327,Deputatsky,RU,69.3,139.9,09/10/20,0,67,43.68,1.41
328,Lufilufi,WS,-13.87,-171.6,09/10/20,40,74,87.8,6.93
329,Benguela,AO,-12.58,13.41,09/10/20,76,79,72.27,2.24
330,Suntar,RU,62.14,117.63,09/10/20,100,96,44.26,1.39
331,Misratah,LY,32.38,15.09,09/10/20,0,82,78.06,6.71
332,Northam,GB,51.03,-4.22,09/10/20,61,89,54.0,3.0
333,Codrington,AU,-38.27,141.97,09/10/20,94,62,55.99,11.01
334,Safford,US,32.83,-109.71,09/10/20,1,36,80.6,3.36
335,Kangaatsiaq,GL,68.31,-53.46,09/10/20,58,76,38.01,4.47
336,Antofagasta,CL,-23.65,-70.4,09/10/20,75,77,59.0,9.17
337,Mpanda,TZ,-6.37,31.04,09/10/20,45,50,65.82,2.33
338,Bereda,ES,43.27,-7.54,09/10/20,56,98,64.99,5.01
339,Lewisville,US,33.05,-96.99,09/10/20,90,77,70.0,6.93
340,Komsomol'skoye,RU,55.26,47.55,09/10/20,99,61,61.27,19.22
341,Necochea,AR,-38.55,-58.74,09/10/20,50,59,59.0,15.99
342,Pangody,RU,65.85,74.49,09/10/20,26,91,55.51,11.7
343,Dubti,ET,11.74,41.09,09/10/20,8,39,93.52,2.66
344,Valdivia,CL,-39.81,-73.25,09/10/20,90,62,53.6,11.41
345,Port Blair,IN,11.67,92.75,09/10/20,100,84,80.83,9.82
346,Berbera,SO,10.44,45.01,09/10/20,0,56,90.32,8.12
347,Naifaru,MV,5.44,73.37,09/10/20,77,78,81.23,15.88
348,Riohacha,CO,11.54,-72.91,09/10/20,45,78,84.45,13.06
349,Nacala,MZ,-14.54,40.67,09/10/20,0,81,71.6,10.0
350,Santa Lucía,ES,27.91,-15.54,09/10/20,20,73,75.0,28.86
351,Kencong,ID,-8.28,113.37,09/10/20,60,90,71.26,2.19
352,Filingué,NE,14.35,3.32,09/10/20,30,51,89.85,11.99
353,Kenai,US,60.55,-151.26,09/10/20,1,50,55.4,7.9
354,Teya,RU,60.38,92.63,09/10/20,0,89,39.36,0.96
355,Sozimskiy,RU,59.74,52.25,09/10/20,98,83,52.93,12.21
356,Freeport,US,40.66,-73.58,09/10/20,20,78,80.01,6.93
357,Pozo Colorado,PY,-23.49,-58.8,09/10/20,64,28,89.02,5.21
358,Mvomero,TZ,-6.25,38.67,09/10/20,24,85,71.38,2.37
359,Porbandar,IN,21.64,69.61,09/10/20,100,81,80.87,8.37
360,Lao Cai,VN,22.48,103.95,09/10/20,100,76,77.0,1.43
361,Richards Bay,ZA,-28.78,32.04,09/10/20,92,77,67.37,8.66
362,Meulaboh,ID,4.14,96.13,09/10/20,98,77,75.99,3.94
363,Guangming,CN,45.33,122.78,09/10/20,48,88,52.95,14.58
364,Ginda,IN,30.69,78.49,09/10/20,1,78,61.16,3.78
365,Lata,PT,40.16,-8.33,09/10/20,44,88,71.01,2.24
366,Ilhéus,BR,-14.79,-39.05,09/10/20,20,73,77.0,6.93
367,West Wendover,US,40.74,-114.07,09/10/20,1,11,71.6,8.05
368,College,US,64.86,-147.8,09/10/20,90,75,42.8,9.17
369,San Policarpo,PH,12.18,125.51,09/10/20,21,85,77.61,4.63
370,Margate,GB,51.38,1.39,09/10/20,21,50,60.01,8.43
371,El Sauzal de Rodríguez,MX,31.9,-116.68,09/10/20,0,77,77.0,1.01
372,Pacific Grove,US,36.62,-121.92,09/10/20,1,72,64.4,8.48
373,Korla,CN,41.76,86.15,09/10/20,75,39,67.86,13.2
374,Sabha,LY,27.04,14.43,09/10/20,28,26,85.64,9.48
375,Miramar,US,25.99,-80.23,09/10/20,1,70,86.0,8.05
376,Kailua,US,21.4,-157.74,09/10/20,40,65,87.8,13.87
377,Omsukchan,RU,62.53,155.8,09/10/20,4,72,41.9,9.86
378,Arrondissement de Limoges,FR,45.75,1.33,09/10/20,8,52,69.8,5.82
379,Carutapera,BR,-1.2,-46.02,09/10/20,44,78,79.2,9.06
380,Littleton,US,39.61,-105.02,09/10/20,75,53,55.0,6.93
381,Sørland,NO,67.67,12.69,09/10/20,75,93,44.6,13.87
382,Muravlenko,RU,63.79,74.52,09/10/20,14,92,54.09,11.34
383,Borovoy,RU,55.43,86.08,09/10/20,40,93,42.8,4.47
384,Barrhead,GB,55.8,-4.39,09/10/20,75,87,54.0,14.99
385,Ajdabiya,LY,30.76,20.23,09/10/20,0,89,74.7,8.61
386,Mackay,AU,-21.15,149.2,09/10/20,40,93,59.0,6.93
387,Koumac,NC,-20.57,164.28,09/10/20,13,65,72.23,5.23
388,Aquiraz,BR,-3.9,-38.39,09/10/20,20,78,80.6,13.87
389,Mpika,ZM,-11.83,31.45,09/10/20,63,45,58.66,6.69
390,La Rioja,ES,42.25,-2.5,09/10/20,0,67,62.6,3.44
391,Sisa,PE,-6.62,-76.69,09/10/20,40,44,93.2,1.43
392,Melfort,CA,52.87,-104.62,09/10/20,1,40,68.0,9.17
393,Mustafakemalpaşa,TR,40.04,28.41,09/10/20,0,78,73.4,21.92
394,Vila,PT,42.03,-8.16,09/10/20,25,60,71.6,3.36
395,Buñol,ES,39.42,-0.78,09/10/20,5,69,73.4,3.36
396,Haverfordwest,GB,51.8,-4.97,09/10/20,99,71,57.2,11.41
397,Takāb,IR,36.4,47.11,09/10/20,0,44,57.74,4.0
398,Anniston,US,33.66,-85.83,09/10/20,75,74,84.99,8.05
399,Flinders,AU,-34.58,150.86,09/10/20,69,88,57.99,1.01
400,Souillac,MU,-20.52,57.52,09/10/20,75,83,71.6,14.99
401,Jacareacanga,BR,-6.22,-57.75,09/10/20,58,42,88.34,2.51
402,Mouila,GA,-1.87,11.06,09/10/20,99,79,75.06,2.35
403,Krasnyy Oktyabr',RU,56.12,38.88,09/10/20,0,90,48.85,10.31
404,Toamasina,MG,-18.17,49.38,09/10/20,40,94,68.0,5.79
405,Pergamino,AR,-33.89,-60.57,09/10/20,0,51,71.01,1.01
406,Faya,SA,18.39,42.45,09/10/20,37,82,69.8,1.9
407,Luba,GQ,3.46,8.55,09/10/20,20,94,77.0,8.05
408,Laureles,US,26.11,-97.49,09/10/20,90,83,78.8,16.11
409,Noyabrsk,RU,63.2,75.45,09/10/20,2,92,54.03,10.98
410,Gamba,GA,-2.65,10.0,09/10/20,36,83,74.61,5.5
411,Lárdos,GR,36.09,28.02,09/10/20,0,65,80.6,9.17
412,Leányfalu,HU,47.72,19.09,09/10/20,77,64,68.0,5.82
413,Humaitá,BR,-7.51,-63.02,09/10/20,91,35,91.78,1.1
414,Serenje,ZM,-13.23,30.24,09/10/20,8,52,56.1,7.27
415,Paciran,ID,-6.88,112.38,09/10/20,46,82,75.45,7.92
416,Saposoa,PE,-6.93,-76.77,09/10/20,40,44,93.2,1.23
417,Santa Rosalía,MX,27.32,-112.28,09/10/20,0,47,85.73,11.07
418,San Miguel de Tucumán,AR,-26.82,-65.22,09/10/20,0,33,89.6,12.75
419,Constantine,DZ,36.37,6.61,09/10/20,40,88,62.6,4.7
420,Shunyi,CN,40.12,116.65,09/10/20,100,82,70.0,4.47
421,Gevrai,IN,19.27,75.75,09/10/20,95,86,77.05,8.59
422,Tomari,RU,47.77,142.07,09/10/20,7,76,53.56,12.86
423,Poya,NC,-21.35,165.15,09/10/20,54,69,69.3,3.8
424,Sovetskiy,RU,61.36,63.58,09/10/20,1,93,49.6,7.34
425,Kalmunai,LK,7.42,81.82,09/10/20,100,73,79.47,5.66
426,Atherton,GB,53.52,-2.49,09/10/20,100,76,54.0,1.01
427,Chumikan,RU,54.72,135.31,09/10/20,0,64,46.06,11.18
428,Point Fortin,TT,10.18,-61.68,09/10/20,20,81,82.0,7.94
429,Enugu,NG,6.44,7.49,09/10/20,92,93,71.94,2.86
430,Columbus,US,39.96,-83.0,09/10/20,75,69,82.99,12.75
431,Snezhnogorsk,RU,69.19,33.25,09/10/20,40,87,32.0,2.24
432,Shache,CN,38.42,77.24,09/10/20,9,58,60.06,1.66
433,Moree,AU,-29.47,149.85,09/10/20,35,87,50.0,6.93
434,Havøysund,NO,71.0,24.66,09/10/20,20,93,46.4,1.12
435,Banepā,NP,27.63,85.52,09/10/20,75,94,71.6,2.24
436,Karumbākkam,IN,12.7,80.09,09/10/20,40,83,80.6,4.7
437,Luganville,VU,-15.53,167.17,09/10/20,40,61,78.8,6.93
438,Ilulissat,GL,69.22,-51.1,09/10/20,6,64,35.6,1.12
439,Oussouye,SN,12.48,-16.55,09/10/20,20,88,80.6,4.7
440,Barraute,CA,48.43,-77.63,09/10/20,40,66,53.6,3.36
441,Myitkyina,MM,25.38,97.4,09/10/20,100,95,73.13,1.14
442,Husavik,IS,66.04,-17.34,09/10/20,90,93,46.4,5.82
443,Cap-aux-Meules,CA,47.38,-61.86,09/10/20,90,93,62.6,3.36
444,Tingi,TZ,-11.3,35.03,09/10/20,0,57,60.3,1.19
445,Magalia,US,39.81,-121.58,09/10/20,90,24,82.4,5.82
446,Luanda,AO,-8.84,13.23,09/10/20,75,88,71.6,5.82
447,Salinas,US,36.68,-121.66,09/10/20,1,68,66.2,3.36
448,Russell,US,32.35,-85.2,09/10/20,20,66,87.8,5.82
449,Doha,QA,25.29,51.53,09/10/20,0,79,91.99,2.24
450,Uralets,RU,57.66,59.65,09/10/20,26,99,45.41,5.59
451,San Antero,CO,9.37,-75.76,09/10/20,40,74,86.0,4.7
452,Phayao,TH,19.25,100.25,09/10/20,100,98,71.71,2.21
453,Big Bend,SZ,-26.82,31.93,09/10/20,58,85,64.96,2.66
454,Ipiales,CO,0.83,-77.65,09/10/20,58,68,55.62,7.36
455,Hamina,FI,60.57,27.2,09/10/20,3,76,50.0,13.87
456,São Miguel do Araguaia,BR,-13.28,-50.16,09/10/20,35,17,86.05,3.27
457,Lake Cowichan,CA,48.83,-124.05,09/10/20,40,44,86.0,3.36
458,Fairbanks,US,64.84,-147.72,09/10/20,90,81,42.8,10.29
459,Manitouwadge,CA,49.12,-85.84,09/10/20,75,76,53.6,8.05
460,Camaná,PE,-16.62,-72.71,09/10/20,54,70,61.18,6.78
461,Peleduy,RU,59.63,112.74,09/10/20,36,89,41.36,3.42
462,Krasnosel'kup,RU,65.7,82.47,09/10/20,100,92,53.29,12.77
463,Acapulco de Juárez,MX,16.86,-99.89,09/10/20,75,70,87.8,8.05
464,Villa Carlos Paz,AR,-31.42,-64.5,09/10/20,2,28,78.01,4.0
465,Guanare,VE,9.04,-69.74,09/10/20,93,86,81.77,1.79
466,Artesia,US,33.87,-118.08,09/10/20,75,33,86.0,3.36
467,Karratha,AU,-20.74,116.85,09/10/20,0,36,79.2,18.23
468,Samaná,DO,19.21,-69.34,09/10/20,40,83,84.2,8.1
469,Wanning,CN,18.8,110.4,09/10/20,92,85,80.78,8.3
470,Clyde River,CA,70.47,-68.59,09/10/20,90,70,37.4,3.36
471,Dubrovka,RU,53.69,33.51,09/10/20,0,90,48.45,9.93
472,Iskateley,RU,67.68,53.15,09/10/20,81,91,45.41,16.04
473,George Town,MY,5.41,100.34,09/10/20,40,94,77.0,5.44
474,Port Pirie,AU,-33.18,138.02,09/10/20,53,58,59.0,3.36
475,Meuselwitz,DE,51.05,12.3,09/10/20,58,87,51.01,3.36
476,Amurzet,RU,47.7,131.1,09/10/20,0,80,49.15,8.84
477,Mereni,RO,44.05,28.37,09/10/20,5,77,66.2,3.36
478,Vila Franca do Campo,PT,37.72,-25.43,09/10/20,20,88,68.0,2.24
479,Salamiyah,SY,35.01,37.05,09/10/20,42,19,84.97,12.12
480,St. George's,GD,12.06,-61.75,09/10/20,20,74,86.0,11.41
481,Indramayu,ID,-6.33,108.32,09/10/20,89,73,77.86,9.75
482,Roald,NO,62.58,6.13,09/10/20,100,62,51.8,10.29
483,Lensk,RU,60.73,114.93,09/10/20,98,79,47.93,2.95
484,Galeras,CO,9.16,-75.05,09/10/20,51,77,85.41,6.22
485,Bilibino,RU,68.05,166.44,09/10/20,100,77,41.11,1.97
486,Port Macquarie,AU,-31.43,152.92,09/10/20,18,98,57.0,6.26
487,Ogulin,HR,45.27,15.23,09/10/20,35,64,69.8,5.82
488,Abu Dhabi,AE,24.47,54.37,09/10/20,0,84,87.8,4.7
489,Yanji,CN,42.91,129.51,09/10/20,100,91,60.06,3.36
490,Bojonegoro,ID,-7.15,111.88,09/10/20,59,77,74.14,5.17
491,Nizhniy Kuranakh,RU,58.84,125.49,09/10/20,100,92,52.97,0.6
492,Acajutla,SV,13.59,-89.83,09/10/20,40,59,89.6,4.7
493,Chhindwāra,IN,22.07,78.93,09/10/20,100,84,73.83,1.7
494,‘Ewa Beach,US,21.32,-158.01,09/10/20,40,43,87.8,14.99
495,Savannakhet,LA,16.57,104.75,09/10/20,97,92,74.23,3.62
496,Santa Cruz de la Sierra,BO,-17.8,-63.17,09/10/20,0,38,91.4,11.41
497,Morondava,MG,-20.28,44.28,09/10/20,65,65,76.26,8.3
498,Mezhdurechenskiy,RU,59.6,65.93,09/10/20,100,74,53.96,7.7
499,Karlstad,SE,59.38,13.5,09/10/20,97,81,48.99,5.82
500,Mogadishu,SO,2.04,45.34,09/10/20,29,82,77.36,15.35
501,Udachny,RU,66.42,112.4,09/10/20,90,93,41.0,4.47
502,Chokurdakh,RU,70.63,147.92,09/10/20,11,68,45.36,6.46
503,Caravelas,BR,-17.71,-39.25,09/10/20,23,80,70.84,5.21
504,Port Hardy,CA,50.7,-127.42,09/10/20,20,68,66.2,3.36
505,Porto Velho,BR,-8.76,-63.9,09/10/20,75,94,73.4,1.12
506,Timrå,SE,62.49,17.33,09/10/20,47,65,46.99,5.82
507,Nizwá,OM,22.93,57.53,09/10/20,0,39,85.57,1.59
508,Walvis Bay,,-22.96,14.51,09/10/20,0,23,80.6,17.22
509,Celendín,PE,-6.87,-78.15,09/10/20,55,47,64.99,8.46
510,Henties Bay,,-22.12,14.28,09/10/20,0,52,64.53,3.18
511,Luwuk,ID,-0.95,122.79,09/10/20,46,79,77.54,4.72
512,Pimentel,PE,-6.84,-79.93,09/10/20,58,64,68.0,20.8
513,Delta del Tigre,UY,-34.76,-56.39,09/10/20,0,38,59.0,12.75
514,Varhaug,NO,58.61,5.65,09/10/20,99,99,48.0,3.0
515,Mamlyutka,KZ,54.94,68.54,09/10/20,100,54,49.17,7.96
516,Yar-Sale,RU,66.83,70.83,09/10/20,35,76,55.92,18.86
517,Newala,TZ,-10.94,39.28,09/10/20,24,94,63.14,5.19
518,Tacuarembó,UY,-31.73,-55.98,09/10/20,0,86,60.12,7.58
519,Safaga,EG,26.73,33.94,09/10/20,0,89,84.2,6.78
520,Palaia Fokaia,GR,37.72,23.95,09/10/20,0,43,78.01,6.93
521,Kamaishi,JP,39.27,141.88,09/10/20,100,88,72.54,6.8
522,Rantepao,ID,-2.97,119.9,09/10/20,98,90,67.01,0.92
523,Xiaoweizhai,CN,26.19,107.51,09/10/20,72,94,68.25,1.72
524,Hervey Bay,AU,-25.3,152.85,09/10/20,96,92,63.0,7.0
525,Pouébo,NC,-20.4,164.57,09/10/20,13,67,71.69,13.51
526,Nanortalik,GL,60.14,-45.24,09/10/20,0,69,40.48,29.1
527,Dondo,MZ,-19.61,34.74,09/10/20,2,83,69.8,8.05
528,Nampula,MZ,-15.12,39.27,09/10/20,20,88,68.0,10.29
529,Vrangel',RU,42.73,133.08,09/10/20,83,85,63.59,8.55
530,Mocuba,MZ,-16.84,36.99,09/10/20,24,88,66.97,1.43
531,Kununurra,AU,-15.77,128.73,09/10/20,48,88,64.4,5.77
532,Hare Bay,CA,48.85,-54.01,09/10/20,90,71,57.2,9.17
